{
    "Arabic": {
        "precision": 1.0,
        "recall": 1.0,
        "f1-score": 1.0,
        "support": 200.0
    },
    "Chinese": {
        "precision": 0.99,
        "recall": 0.99,
        "f1-score": 0.99,
        "support": 200.0
    },
    "Dutch": {
        "precision": 0.9801980198019802,
        "recall": 0.99,
        "f1-score": 0.9850746268656716,
        "support": 200.0
    },
    "English": {
        "precision": 0.7380073800738007,
        "recall": 1.0,
        "f1-score": 0.8492569002123143,
        "support": 200.0
    },
    "Estonian": {
        "precision": 1.0,
        "recall": 0.955,
        "f1-score": 0.9769820971867008,
        "support": 200.0
    },
    "French": {
        "precision": 0.9707317073170731,
        "recall": 0.995,
        "f1-score": 0.9827160493827161,
        "support": 200.0
    },
    "Hindi": {
        "precision": 1.0,
        "recall": 0.975,
        "f1-score": 0.9873417721518988,
        "support": 200.0
    },
    "Indonesian": {
        "precision": 1.0,
        "recall": 0.945,
        "f1-score": 0.9717223650385605,
        "support": 200.0
    },
    "Japanese": {
        "precision": 1.0,
        "recall": 0.99,
        "f1-score": 0.9949748743718593,
        "support": 200.0
    },
    "Korean": {
        "precision": 1.0,
        "recall": 0.99,
        "f1-score": 0.9949748743718593,
        "support": 200.0
    },
    "Latin": {
        "precision": 0.989247311827957,
        "recall": 0.92,
        "f1-score": 0.9533678756476683,
        "support": 200.0
    },
    "Persian": {
        "precision": 0.99,
        "recall": 0.99,
        "f1-score": 0.99,
        "support": 200.0
    },
    "Portugese": {
        "precision": 0.9896373056994818,
        "recall": 0.955,
        "f1-score": 0.9720101781170484,
        "support": 200.0
    },
    "Pushto": {
        "precision": 1.0,
        "recall": 0.95,
        "f1-score": 0.9743589743589743,
        "support": 200.0
    },
    "Romanian": {
        "precision": 1.0,
        "recall": 0.98,
        "f1-score": 0.98989898989899,
        "support": 200.0
    },
    "Russian": {
        "precision": 0.9949748743718593,
        "recall": 0.99,
        "f1-score": 0.9924812030075187,
        "support": 200.0
    },
    "Spanish": {
        "precision": 0.9948979591836735,
        "recall": 0.975,
        "f1-score": 0.9848484848484849,
        "support": 200.0
    },
    "Swedish": {
        "precision": 1.0,
        "recall": 1.0,
        "f1-score": 1.0,
        "support": 200.0
    },
    "Tamil": {
        "precision": 1.0,
        "recall": 0.99,
        "f1-score": 0.9949748743718593,
        "support": 200.0
    },
    "Thai": {
        "precision": 1.0,
        "recall": 0.995,
        "f1-score": 0.9974937343358395,
        "support": 200.0
    },
    "Turkish": {
        "precision": 1.0,
        "recall": 0.99,
        "f1-score": 0.9949748743718593,
        "support": 200.0
    },
    "Urdu": {
        "precision": 1.0,
        "recall": 0.98,
        "f1-score": 0.98989898989899,
        "support": 200.0
    },
    "accuracy": 0.9793181818181819,
    "macro avg": {
        "precision": 0.9835315708307193,
        "recall": 0.9793181818181818,
        "f1-score": 0.9803341699290371,
        "support": 4400.0
    },
    "weighted avg": {
        "precision": 0.9835315708307193,
        "recall": 0.9793181818181819,
        "f1-score": 0.9803341699290369,
        "support": 4400.0
    }
}