{
    "Arabic": {
        "precision": 1.0,
        "recall": 1.0,
        "f1-score": 1.0,
        "support": 200.0
    },
    "Chinese": {
        "precision": 0.9850746268656716,
        "recall": 0.99,
        "f1-score": 0.9875311720698254,
        "support": 200.0
    },
    "Dutch": {
        "precision": 0.9851485148514851,
        "recall": 0.995,
        "f1-score": 0.9900497512437811,
        "support": 200.0
    },
    "English": {
        "precision": 0.7928286852589641,
        "recall": 0.995,
        "f1-score": 0.8824833702882483,
        "support": 200.0
    },
    "Estonian": {
        "precision": 0.9898477157360406,
        "recall": 0.975,
        "f1-score": 0.982367758186398,
        "support": 200.0
    },
    "French": {
        "precision": 0.9754901960784313,
        "recall": 0.995,
        "f1-score": 0.9851485148514851,
        "support": 200.0
    },
    "Hindi": {
        "precision": 1.0,
        "recall": 0.98,
        "f1-score": 0.98989898989899,
        "support": 200.0
    },
    "Indonesian": {
        "precision": 1.0,
        "recall": 0.975,
        "f1-score": 0.9873417721518988,
        "support": 200.0
    },
    "Japanese": {
        "precision": 1.0,
        "recall": 0.995,
        "f1-score": 0.9974937343358395,
        "support": 200.0
    },
    "Korean": {
        "precision": 1.0,
        "recall": 0.99,
        "f1-score": 0.9949748743718593,
        "support": 200.0
    },
    "Latin": {
        "precision": 0.9893048128342246,
        "recall": 0.925,
        "f1-score": 0.9560723514211886,
        "support": 200.0
    },
    "Persian": {
        "precision": 1.0,
        "recall": 0.99,
        "f1-score": 0.9949748743718593,
        "support": 200.0
    },
    "Portugese": {
        "precision": 0.9848484848484849,
        "recall": 0.975,
        "f1-score": 0.9798994974874372,
        "support": 200.0
    },
    "Pushto": {
        "precision": 1.0,
        "recall": 0.96,
        "f1-score": 0.9795918367346939,
        "support": 200.0
    },
    "Romanian": {
        "precision": 1.0,
        "recall": 0.98,
        "f1-score": 0.98989898989899,
        "support": 200.0
    },
    "Russian": {
        "precision": 0.9949748743718593,
        "recall": 0.99,
        "f1-score": 0.9924812030075187,
        "support": 200.0
    },
    "Spanish": {
        "precision": 0.9949238578680203,
        "recall": 0.98,
        "f1-score": 0.9874055415617129,
        "support": 200.0
    },
    "Swedish": {
        "precision": 1.0,
        "recall": 0.995,
        "f1-score": 0.9974937343358395,
        "support": 200.0
    },
    "Tamil": {
        "precision": 1.0,
        "recall": 0.99,
        "f1-score": 0.9949748743718593,
        "support": 200.0
    },
    "Thai": {
        "precision": 1.0,
        "recall": 0.995,
        "f1-score": 0.9974937343358395,
        "support": 200.0
    },
    "Turkish": {
        "precision": 1.0,
        "recall": 0.99,
        "f1-score": 0.9949748743718593,
        "support": 200.0
    },
    "Urdu": {
        "precision": 1.0,
        "recall": 0.98,
        "f1-score": 0.98989898989899,
        "support": 200.0
    },
    "accuracy": 0.9836363636363636,
    "macro avg": {
        "precision": 0.9860200803960537,
        "recall": 0.9836363636363636,
        "f1-score": 0.9842022926907326,
        "support": 4400.0
    },
    "weighted avg": {
        "precision": 0.9860200803960538,
        "recall": 0.9836363636363636,
        "f1-score": 0.9842022926907324,
        "support": 4400.0
    }
}