{
    "Arabic": {
        "precision": 1.0,
        "recall": 1.0,
        "f1-score": 1.0,
        "support": 200.0
    },
    "Chinese": {
        "precision": 0.9949748743718593,
        "recall": 0.99,
        "f1-score": 0.9924812030075187,
        "support": 200.0
    },
    "Dutch": {
        "precision": 0.9950248756218906,
        "recall": 1.0,
        "f1-score": 0.9975062344139651,
        "support": 200.0
    },
    "English": {
        "precision": 0.8577586206896551,
        "recall": 0.995,
        "f1-score": 0.9212962962962963,
        "support": 200.0
    },
    "Estonian": {
        "precision": 0.9949748743718593,
        "recall": 0.99,
        "f1-score": 0.9924812030075187,
        "support": 200.0
    },
    "French": {
        "precision": 0.9754901960784313,
        "recall": 0.995,
        "f1-score": 0.9851485148514851,
        "support": 200.0
    },
    "Hindi": {
        "precision": 1.0,
        "recall": 0.98,
        "f1-score": 0.98989898989899,
        "support": 200.0
    },
    "Indonesian": {
        "precision": 0.9948979591836735,
        "recall": 0.975,
        "f1-score": 0.9848484848484849,
        "support": 200.0
    },
    "Japanese": {
        "precision": 1.0,
        "recall": 0.995,
        "f1-score": 0.9974937343358395,
        "support": 200.0
    },
    "Korean": {
        "precision": 1.0,
        "recall": 0.995,
        "f1-score": 0.9974937343358395,
        "support": 200.0
    },
    "Latin": {
        "precision": 0.9743589743589743,
        "recall": 0.95,
        "f1-score": 0.9620253164556962,
        "support": 200.0
    },
    "Persian": {
        "precision": 1.0,
        "recall": 0.99,
        "f1-score": 0.9949748743718593,
        "support": 200.0
    },
    "Portugese": {
        "precision": 0.9800995024875622,
        "recall": 0.985,
        "f1-score": 0.9825436408977556,
        "support": 200.0
    },
    "Pushto": {
        "precision": 1.0,
        "recall": 0.96,
        "f1-score": 0.9795918367346939,
        "support": 200.0
    },
    "Romanian": {
        "precision": 1.0,
        "recall": 0.98,
        "f1-score": 0.98989898989899,
        "support": 200.0
    },
    "Russian": {
        "precision": 0.9900497512437811,
        "recall": 0.995,
        "f1-score": 0.9925187032418953,
        "support": 200.0
    },
    "Spanish": {
        "precision": 0.985,
        "recall": 0.985,
        "f1-score": 0.985,
        "support": 200.0
    },
    "Swedish": {
        "precision": 1.0,
        "recall": 1.0,
        "f1-score": 1.0,
        "support": 200.0
    },
    "Tamil": {
        "precision": 1.0,
        "recall": 0.99,
        "f1-score": 0.9949748743718593,
        "support": 200.0
    },
    "Thai": {
        "precision": 1.0,
        "recall": 0.995,
        "f1-score": 0.9974937343358395,
        "support": 200.0
    },
    "Turkish": {
        "precision": 0.9949748743718593,
        "recall": 0.99,
        "f1-score": 0.9924812030075187,
        "support": 200.0
    },
    "Urdu": {
        "precision": 1.0,
        "recall": 0.98,
        "f1-score": 0.98989898989899,
        "support": 200.0
    },
    "accuracy": 0.9870454545454546,
    "macro avg": {
        "precision": 0.9880729319445248,
        "recall": 0.9870454545454543,
        "f1-score": 0.9872750253732289,
        "support": 4400.0
    },
    "weighted avg": {
        "precision": 0.9880729319445248,
        "recall": 0.9870454545454546,
        "f1-score": 0.9872750253732288,
        "support": 4400.0
    }
}