{
    "lstm": {
        "train_losses": [
            0.9003415523875843,
            0.2636173494837501,
            0.173595261241902,
            0.1321479947932742,
            0.1056198312714696,
            0.07971518920226531,
            0.07098289961503311,
            0.05553108515387232,
            0.04001187310554087,
            0.033729080724614585,
            0.023019171680154448,
            0.012082766470160674,
            0.01017422958959783,
            0.014382950819245625
        ],
        "val_losses": [
            0.3205356107673783,
            0.18934895867562812,
            0.17274735733002855,
            0.1431136691969806,
            0.15371989554631105,
            0.14999223253487245,
            0.15246851226665836,
            0.14631245280211064,
            0.12925569318990776,
            0.14551572489511708,
            0.13807593038865784,
            0.1436321134383763,
            0.18852862685520633,
            0.1585555961988259
        ],
        "final_train_loss": 0.014382950819245625,
        "best_val_loss": 0.12925569318990776,
        "model_path": "/home/v_rahimzadeh/language-identification/results/models/lstm/lstm_language_detector_best.pt",
        "early_stopped": true,
        "epochs_trained": 14,
        "classification_report": {
            "Arabic": {
                "precision": 1.0,
                "recall": 1.0,
                "f1-score": 1.0,
                "support": 200.0
            },
            "Chinese": {
                "precision": 0.99,
                "recall": 0.99,
                "f1-score": 0.99,
                "support": 200.0
            },
            "Dutch": {
                "precision": 0.98,
                "recall": 0.98,
                "f1-score": 0.98,
                "support": 200.0
            },
            "English": {
                "precision": 0.8384279475982532,
                "recall": 0.96,
                "f1-score": 0.8951048951048951,
                "support": 200.0
            },
            "Estonian": {
                "precision": 0.9509803921568627,
                "recall": 0.97,
                "f1-score": 0.9603960396039604,
                "support": 200.0
            },
            "French": {
                "precision": 0.9653465346534653,
                "recall": 0.975,
                "f1-score": 0.9701492537313433,
                "support": 200.0
            },
            "Hindi": {
                "precision": 1.0,
                "recall": 0.98,
                "f1-score": 0.98989898989899,
                "support": 200.0
            },
            "Indonesian": {
                "precision": 0.9591836734693877,
                "recall": 0.94,
                "f1-score": 0.9494949494949495,
                "support": 200.0
            },
            "Japanese": {
                "precision": 0.9899497487437185,
                "recall": 0.985,
                "f1-score": 0.9874686716791979,
                "support": 200.0
            },
            "Korean": {
                "precision": 1.0,
                "recall": 0.99,
                "f1-score": 0.9949748743718593,
                "support": 200.0
            },
            "Latin": {
                "precision": 0.9095477386934674,
                "recall": 0.905,
                "f1-score": 0.9072681704260651,
                "support": 200.0
            },
            "Persian": {
                "precision": 0.9949494949494949,
                "recall": 0.985,
                "f1-score": 0.9899497487437185,
                "support": 200.0
            },
            "Portugese": {
                "precision": 0.9595959595959596,
                "recall": 0.95,
                "f1-score": 0.9547738693467337,
                "support": 200.0
            },
            "Pushto": {
                "precision": 0.9844559585492227,
                "recall": 0.95,
                "f1-score": 0.9669211195928753,
                "support": 200.0
            },
            "Romanian": {
                "precision": 0.9947643979057592,
                "recall": 0.95,
                "f1-score": 0.9718670076726342,
                "support": 200.0
            },
            "Russian": {
                "precision": 0.99,
                "recall": 0.99,
                "f1-score": 0.99,
                "support": 200.0
            },
            "Spanish": {
                "precision": 0.9468599033816425,
                "recall": 0.98,
                "f1-score": 0.9631449631449631,
                "support": 200.0
            },
            "Swedish": {
                "precision": 0.9897959183673469,
                "recall": 0.97,
                "f1-score": 0.9797979797979798,
                "support": 200.0
            },
            "Tamil": {
                "precision": 1.0,
                "recall": 0.99,
                "f1-score": 0.9949748743718593,
                "support": 200.0
            },
            "Thai": {
                "precision": 1.0,
                "recall": 0.995,
                "f1-score": 0.9974937343358395,
                "support": 200.0
            },
            "Turkish": {
                "precision": 0.985,
                "recall": 0.985,
                "f1-score": 0.985,
                "support": 200.0
            },
            "Urdu": {
                "precision": 1.0,
                "recall": 0.985,
                "f1-score": 0.9924433249370277,
                "support": 200.0
            },
            "accuracy": 0.9729545454545454,
            "macro avg": {
                "precision": 0.9740389849120263,
                "recall": 0.9729545454545453,
                "f1-score": 0.9732328393752223,
                "support": 4400.0
            },
            "weighted avg": {
                "precision": 0.9740389849120266,
                "recall": 0.9729545454545454,
                "f1-score": 0.9732328393752223,
                "support": 4400.0
            }
        },
        "config": {
            "embedding_dim": 300,
            "hidden_dim": 256,
            "n_layers": 2,
            "bidirectional": true,
            "dropout": 0.3,
            "lr": 0.001,
            "n_epochs": 20,
            "patience": 5,
            "min_delta": "1e-4",
            "batch_size": 64,
            "model_name": "lstm_language_detector"
        },
        "execution_time": 91.8770809173584,
        "num_parameters": 4774930
    },
    "dataset_info": {
        "train_samples": 17599,
        "test_samples": 4400,
        "num_classes": 22,
        "vocab_size": 6813
    }
}