{
    "lstm": {
        "train_losses": [
            0.9534821177612651,
            0.2740890272097154,
            0.17544402204453946,
            0.12453449828888882,
            0.10198674417693507,
            0.08471018934114413,
            0.0716136212240566,
            0.04840253337455744,
            0.0329695857769217,
            0.030978853490880944,
            0.019210833726471966,
            0.011441896552939645
        ],
        "val_losses": [
            0.38798173333423724,
            0.2090850805296846,
            0.16453379781349844,
            0.14814938540044037,
            0.15232712139739937,
            0.13931853302578995,
            0.12175514138695123,
            0.12494985118974,
            0.140330262110987,
            0.13190887628150158,
            0.13553069081862687,
            0.15033562369459053
        ],
        "final_train_loss": 0.011441896552939645,
        "best_val_loss": 0.12175514138695123,
        "model_path": "/home/v_rahimzadeh/language-identification/results/models/lstm/lstm_language_detector_best.pt",
        "early_stopped": true,
        "epochs_trained": 12,
        "classification_report": {
            "Arabic": {
                "precision": 1.0,
                "recall": 0.995,
                "f1-score": 0.9974937343358395,
                "support": 200.0
            },
            "Chinese": {
                "precision": 0.9900497512437811,
                "recall": 0.995,
                "f1-score": 0.9925187032418953,
                "support": 200.0
            },
            "Dutch": {
                "precision": 0.98989898989899,
                "recall": 0.98,
                "f1-score": 0.9849246231155779,
                "support": 200.0
            },
            "English": {
                "precision": 0.7983193277310925,
                "recall": 0.95,
                "f1-score": 0.867579908675799,
                "support": 200.0
            },
            "Estonian": {
                "precision": 0.9743589743589743,
                "recall": 0.95,
                "f1-score": 0.9620253164556962,
                "support": 200.0
            },
            "French": {
                "precision": 0.9658536585365853,
                "recall": 0.99,
                "f1-score": 0.9777777777777777,
                "support": 200.0
            },
            "Hindi": {
                "precision": 1.0,
                "recall": 0.98,
                "f1-score": 0.98989898989899,
                "support": 200.0
            },
            "Indonesian": {
                "precision": 0.9842931937172775,
                "recall": 0.94,
                "f1-score": 0.9616368286445013,
                "support": 200.0
            },
            "Japanese": {
                "precision": 0.9899497487437185,
                "recall": 0.985,
                "f1-score": 0.9874686716791979,
                "support": 200.0
            },
            "Korean": {
                "precision": 0.9949748743718593,
                "recall": 0.99,
                "f1-score": 0.9924812030075187,
                "support": 200.0
            },
            "Latin": {
                "precision": 0.8823529411764706,
                "recall": 0.9,
                "f1-score": 0.8910891089108911,
                "support": 200.0
            },
            "Persian": {
                "precision": 0.9949238578680203,
                "recall": 0.98,
                "f1-score": 0.9874055415617129,
                "support": 200.0
            },
            "Portugese": {
                "precision": 0.9320388349514563,
                "recall": 0.96,
                "f1-score": 0.9458128078817734,
                "support": 200.0
            },
            "Pushto": {
                "precision": 0.9896373056994818,
                "recall": 0.955,
                "f1-score": 0.9720101781170484,
                "support": 200.0
            },
            "Romanian": {
                "precision": 0.9895833333333334,
                "recall": 0.95,
                "f1-score": 0.9693877551020408,
                "support": 200.0
            },
            "Russian": {
                "precision": 0.9850746268656716,
                "recall": 0.99,
                "f1-score": 0.9875311720698254,
                "support": 200.0
            },
            "Spanish": {
                "precision": 0.984375,
                "recall": 0.945,
                "f1-score": 0.9642857142857143,
                "support": 200.0
            },
            "Swedish": {
                "precision": 0.9707317073170731,
                "recall": 0.995,
                "f1-score": 0.9827160493827161,
                "support": 200.0
            },
            "Tamil": {
                "precision": 1.0,
                "recall": 0.99,
                "f1-score": 0.9949748743718593,
                "support": 200.0
            },
            "Thai": {
                "precision": 1.0,
                "recall": 0.99,
                "f1-score": 0.9949748743718593,
                "support": 200.0
            },
            "Turkish": {
                "precision": 0.9898477157360406,
                "recall": 0.975,
                "f1-score": 0.982367758186398,
                "support": 200.0
            },
            "Urdu": {
                "precision": 1.0,
                "recall": 0.98,
                "f1-score": 0.98989898989899,
                "support": 200.0
            },
            "accuracy": 0.9711363636363637,
            "macro avg": {
                "precision": 0.9730119927977195,
                "recall": 0.9711363636363636,
                "f1-score": 0.9716482082260739,
                "support": 4400.0
            },
            "weighted avg": {
                "precision": 0.9730119927977193,
                "recall": 0.9711363636363637,
                "f1-score": 0.9716482082260737,
                "support": 4400.0
            }
        },
        "config": {
            "embedding_dim": 300,
            "hidden_dim": 256,
            "n_layers": 2,
            "bidirectional": true,
            "dropout": 0.3,
            "lr": 0.001,
            "n_epochs": 40,
            "patience": 5,
            "min_delta": "1e-4",
            "batch_size": 64,
            "model_name": "lstm_language_detector"
        },
        "execution_time": 79.30058336257935,
        "num_parameters": 4774930
    },
    "dataset_info": {
        "train_samples": 17599,
        "test_samples": 4400,
        "num_classes": 22,
        "vocab_size": 6813
    }
}