{
    "mlp": {
        "train_losses": [
            1.1743030786514281,
            0.5120666031945835,
            0.29776050207289784,
            0.19181475596671754,
            0.15452432826500048,
            0.12024360928515142,
            0.10245365644212473,
            0.08325091598640111
        ],
        "val_losses": [
            0.6438287297884623,
            0.561057996922645,
            0.5396506803623144,
            0.5936716505582782,
            0.615150328995525,
            0.5824745236963466,
            0.6300224860509237,
            0.6689513429351475
        ],
        "final_train_loss": 0.08325091598640111,
        "best_val_loss": 0.5396506803623144,
        "model_path": "results/models/mlp/mlp_language_detector_best.pt",
        "early_stopped": true,
        "epochs_trained": 8,
        "error": "'model_state_dict'",
        "config": {
            "embedding_dim": 300,
            "hidden_dims": [
                512,
                256,
                128
            ],
            "dropout": 0.3,
            "lr": 0.001,
            "n_epochs": 20,
            "patience": 5,
            "min_delta": "1e-4",
            "batch_size": 64,
            "model_name": "mlp_language_detector"
        },
        "execution_time": 19.95325517654419,
        "num_parameters": null
    },
    "dataset_info": {
        "train_samples": 17599,
        "test_samples": 4400,
        "num_classes": 22,
        "vocab_size": 6813
    }
}