{
    "Arabic": {
        "precision": 1.0,
        "recall": 1.0,
        "f1-score": 1.0,
        "support": 200.0
    },
    "Chinese": {
        "precision": 0.99,
        "recall": 0.99,
        "f1-score": 0.99,
        "support": 200.0
    },
    "Dutch": {
        "precision": 0.9658536585365853,
        "recall": 0.99,
        "f1-score": 0.9777777777777777,
        "support": 200.0
    },
    "English": {
        "precision": 0.7397769516728625,
        "recall": 0.995,
        "f1-score": 0.8486140724946695,
        "support": 200.0
    },
    "Estonian": {
        "precision": 0.9895833333333334,
        "recall": 0.95,
        "f1-score": 0.9693877551020408,
        "support": 200.0
    },
    "French": {
        "precision": 0.961352657004831,
        "recall": 0.995,
        "f1-score": 0.9778869778869779,
        "support": 200.0
    },
    "Hindi": {
        "precision": 1.0,
        "recall": 0.975,
        "f1-score": 0.9873417721518988,
        "support": 200.0
    },
    "Indonesian": {
        "precision": 1.0,
        "recall": 0.945,
        "f1-score": 0.9717223650385605,
        "support": 200.0
    },
    "Japanese": {
        "precision": 1.0,
        "recall": 0.98,
        "f1-score": 0.98989898989899,
        "support": 200.0
    },
    "Korean": {
        "precision": 1.0,
        "recall": 0.99,
        "f1-score": 0.9949748743718593,
        "support": 200.0
    },
    "Latin": {
        "precision": 0.978494623655914,
        "recall": 0.91,
        "f1-score": 0.9430051813471503,
        "support": 200.0
    },
    "Persian": {
        "precision": 0.99,
        "recall": 0.99,
        "f1-score": 0.99,
        "support": 200.0
    },
    "Portugese": {
        "precision": 0.9895833333333334,
        "recall": 0.95,
        "f1-score": 0.9693877551020408,
        "support": 200.0
    },
    "Pushto": {
        "precision": 1.0,
        "recall": 0.95,
        "f1-score": 0.9743589743589743,
        "support": 200.0
    },
    "Romanian": {
        "precision": 1.0,
        "recall": 0.98,
        "f1-score": 0.98989898989899,
        "support": 200.0
    },
    "Russian": {
        "precision": 0.9949748743718593,
        "recall": 0.99,
        "f1-score": 0.9924812030075187,
        "support": 200.0
    },
    "Spanish": {
        "precision": 0.9948979591836735,
        "recall": 0.975,
        "f1-score": 0.9848484848484849,
        "support": 200.0
    },
    "Swedish": {
        "precision": 1.0,
        "recall": 0.995,
        "f1-score": 0.9974937343358395,
        "support": 200.0
    },
    "Tamil": {
        "precision": 1.0,
        "recall": 0.99,
        "f1-score": 0.9949748743718593,
        "support": 200.0
    },
    "Thai": {
        "precision": 1.0,
        "recall": 0.995,
        "f1-score": 0.9974937343358395,
        "support": 200.0
    },
    "Turkish": {
        "precision": 1.0,
        "recall": 0.99,
        "f1-score": 0.9949748743718593,
        "support": 200.0
    },
    "Urdu": {
        "precision": 1.0,
        "recall": 0.98,
        "f1-score": 0.98989898989899,
        "support": 200.0
    },
    "accuracy": 0.9775,
    "macro avg": {
        "precision": 0.9815689723223815,
        "recall": 0.9774999999999999,
        "f1-score": 0.9784736991181965,
        "support": 4400.0
    },
    "weighted avg": {
        "precision": 0.9815689723223814,
        "recall": 0.9775,
        "f1-score": 0.9784736991181965,
        "support": 4400.0
    }
}