{
    "Arabic": {
        "precision": 1.0,
        "recall": 1.0,
        "f1-score": 1.0,
        "support": 200.0
    },
    "Chinese": {
        "precision": 0.99,
        "recall": 0.99,
        "f1-score": 0.99,
        "support": 200.0
    },
    "Dutch": {
        "precision": 0.9642857142857143,
        "recall": 0.945,
        "f1-score": 0.9545454545454546,
        "support": 200.0
    },
    "English": {
        "precision": 0.7153284671532847,
        "recall": 0.98,
        "f1-score": 0.8270042194092827,
        "support": 200.0
    },
    "Estonian": {
        "precision": 0.9690721649484536,
        "recall": 0.94,
        "f1-score": 0.9543147208121827,
        "support": 200.0
    },
    "French": {
        "precision": 0.9509803921568627,
        "recall": 0.97,
        "f1-score": 0.9603960396039604,
        "support": 200.0
    },
    "Hindi": {
        "precision": 1.0,
        "recall": 0.975,
        "f1-score": 0.9873417721518988,
        "support": 200.0
    },
    "Indonesian": {
        "precision": 0.9945945945945946,
        "recall": 0.92,
        "f1-score": 0.9558441558441558,
        "support": 200.0
    },
    "Japanese": {
        "precision": 1.0,
        "recall": 0.99,
        "f1-score": 0.9949748743718593,
        "support": 200.0
    },
    "Korean": {
        "precision": 1.0,
        "recall": 0.99,
        "f1-score": 0.9949748743718593,
        "support": 200.0
    },
    "Latin": {
        "precision": 0.9560439560439561,
        "recall": 0.87,
        "f1-score": 0.9109947643979057,
        "support": 200.0
    },
    "Persian": {
        "precision": 0.9849246231155779,
        "recall": 0.98,
        "f1-score": 0.9824561403508771,
        "support": 200.0
    },
    "Portugese": {
        "precision": 0.9685863874345549,
        "recall": 0.925,
        "f1-score": 0.9462915601023018,
        "support": 200.0
    },
    "Pushto": {
        "precision": 0.9895287958115183,
        "recall": 0.945,
        "f1-score": 0.9667519181585678,
        "support": 200.0
    },
    "Romanian": {
        "precision": 0.9847715736040609,
        "recall": 0.97,
        "f1-score": 0.9773299748110831,
        "support": 200.0
    },
    "Russian": {
        "precision": 0.9949748743718593,
        "recall": 0.99,
        "f1-score": 0.9924812030075187,
        "support": 200.0
    },
    "Spanish": {
        "precision": 0.941747572815534,
        "recall": 0.97,
        "f1-score": 0.9556650246305419,
        "support": 200.0
    },
    "Swedish": {
        "precision": 0.995,
        "recall": 0.995,
        "f1-score": 0.995,
        "support": 200.0
    },
    "Tamil": {
        "precision": 1.0,
        "recall": 0.99,
        "f1-score": 0.9949748743718593,
        "support": 200.0
    },
    "Thai": {
        "precision": 1.0,
        "recall": 0.995,
        "f1-score": 0.9974937343358395,
        "support": 200.0
    },
    "Turkish": {
        "precision": 1.0,
        "recall": 0.99,
        "f1-score": 0.9949748743718593,
        "support": 200.0
    },
    "Urdu": {
        "precision": 1.0,
        "recall": 0.98,
        "f1-score": 0.98989898989899,
        "support": 200.0
    },
    "accuracy": 0.9681818181818181,
    "macro avg": {
        "precision": 0.9727199598334533,
        "recall": 0.968181818181818,
        "f1-score": 0.9692595077067273,
        "support": 4400.0
    },
    "weighted avg": {
        "precision": 0.9727199598334532,
        "recall": 0.9681818181818181,
        "f1-score": 0.9692595077067271,
        "support": 4400.0
    }
}