{
    "training_results": {
        "train_losses": [
            3.0263731859732363,
            1.2676706741685453,
            0.2919532030388929,
            0.13339782884155493,
            0.08650218344469002,
            0.07848926979130592,
            0.07026836608091126,
            0.06692502215720605,
            0.05917254036319428,
            0.05689393913211382,
            0.054191269223456795,
            0.05047952059818351,
            0.04797846429805825,
            0.046397744995150446,
            0.04427811223338696,
            0.04178604734656603,
            0.04112358912285687
        ],
        "val_losses": [
            2.432520099986683,
            0.1325209189477292,
            0.09269219279627908,
            0.08432815522378818,
            0.07329459476369349,
            0.07038270330733874,
            0.07148061024533077,
            0.06590289672201669,
            0.06751795184756205,
            0.06505344625498931,
            0.06489446244181388,
            0.05986906575525857,
            0.05880123208530925,
            0.057646513232029975,
            0.059036944033472205,
            0.05907987583269873,
            0.058262247615070505
        ],
        "final_train_loss": 0.04112358912285687,
        "best_val_loss": 0.057646513232029975,
        "model_path": "/home/v_rahimzadeh/language-identification/results/models/transformer/transformer_best.pt",
        "early_stopped": true,
        "epochs_trained": 17
    },
    "classification_report": {
        "Arabic": {
            "precision": 1.0,
            "recall": 1.0,
            "f1-score": 1.0,
            "support": 200.0
        },
        "Chinese": {
            "precision": 0.995,
            "recall": 0.995,
            "f1-score": 0.995,
            "support": 200.0
        },
        "Dutch": {
            "precision": 0.9900497512437811,
            "recall": 0.995,
            "f1-score": 0.9925187032418953,
            "support": 200.0
        },
        "English": {
            "precision": 0.9004524886877828,
            "recall": 0.995,
            "f1-score": 0.9453681710213777,
            "support": 200.0
        },
        "Estonian": {
            "precision": 0.9800995024875622,
            "recall": 0.985,
            "f1-score": 0.9825436408977556,
            "support": 200.0
        },
        "French": {
            "precision": 0.9754901960784313,
            "recall": 0.995,
            "f1-score": 0.9851485148514851,
            "support": 200.0
        },
        "Hindi": {
            "precision": 1.0,
            "recall": 0.975,
            "f1-score": 0.9873417721518988,
            "support": 200.0
        },
        "Indonesian": {
            "precision": 0.9948717948717949,
            "recall": 0.97,
            "f1-score": 0.9822784810126582,
            "support": 200.0
        },
        "Japanese": {
            "precision": 1.0,
            "recall": 0.99,
            "f1-score": 0.9949748743718593,
            "support": 200.0
        },
        "Korean": {
            "precision": 1.0,
            "recall": 0.995,
            "f1-score": 0.9974937343358395,
            "support": 200.0
        },
        "Latin": {
            "precision": 0.919431279620853,
            "recall": 0.97,
            "f1-score": 0.9440389294403893,
            "support": 200.0
        },
        "Persian": {
            "precision": 1.0,
            "recall": 0.99,
            "f1-score": 0.9949748743718593,
            "support": 200.0
        },
        "Portugese": {
            "precision": 0.9850746268656716,
            "recall": 0.99,
            "f1-score": 0.9875311720698254,
            "support": 200.0
        },
        "Pushto": {
            "precision": 1.0,
            "recall": 0.955,
            "f1-score": 0.9769820971867008,
            "support": 200.0
        },
        "Romanian": {
            "precision": 1.0,
            "recall": 0.98,
            "f1-score": 0.98989898989899,
            "support": 200.0
        },
        "Russian": {
            "precision": 0.99,
            "recall": 0.99,
            "f1-score": 0.99,
            "support": 200.0
        },
        "Spanish": {
            "precision": 1.0,
            "recall": 0.98,
            "f1-score": 0.98989898989899,
            "support": 200.0
        },
        "Swedish": {
            "precision": 1.0,
            "recall": 1.0,
            "f1-score": 1.0,
            "support": 200.0
        },
        "Tamil": {
            "precision": 1.0,
            "recall": 0.99,
            "f1-score": 0.9949748743718593,
            "support": 200.0
        },
        "Thai": {
            "precision": 1.0,
            "recall": 0.995,
            "f1-score": 0.9974937343358395,
            "support": 200.0
        },
        "Turkish": {
            "precision": 1.0,
            "recall": 0.99,
            "f1-score": 0.9949748743718593,
            "support": 200.0
        },
        "Urdu": {
            "precision": 0.9949494949494949,
            "recall": 0.985,
            "f1-score": 0.9899497487437185,
            "support": 200.0
        },
        "accuracy": 0.9868181818181818,
        "macro avg": {
            "precision": 0.9875190515820623,
            "recall": 0.9868181818181817,
            "f1-score": 0.9869720989352184,
            "support": 4400.0
        },
        "weighted avg": {
            "precision": 0.9875190515820624,
            "recall": 0.9868181818181818,
            "f1-score": 0.9869720989352184,
            "support": 4400.0
        }
    },
    "config": {
        "model_name": "/home/v_rahimzadeh/hf_models/models--xlm-roberta-base/snapshots/e73636d4f797dec63c3081bb6ed5c7b0bb3f2089",
        "fine_tune_layers": 3,
        "lr": 2e-05,
        "weight_decay": 0.01,
        "n_epochs": 20,
        "patience": 3,
        "min_delta": 0.0001,
        "warmup_ratio": 0.1,
        "batch_size": 16
    },
    "execution_time": 1668.3205859661102,
    "model_size": 278060566
}