{
    "training_stats": {
        "n_samples": 17599,
        "n_languages": 22
    },
    "classification_report": {
        "Arabic": {
            "precision": 0.0,
            "recall": 0.0,
            "f1-score": 0.0,
            "support": 200.0
        },
        "Chinese": {
            "precision": 0.0,
            "recall": 0.0,
            "f1-score": 0.0,
            "support": 200.0
        },
        "Dutch": {
            "precision": 0.005405405405405406,
            "recall": 0.005,
            "f1-score": 0.005194805194805195,
            "support": 200.0
        },
        "English": {
            "precision": 0.3548387096774194,
            "recall": 0.11,
            "f1-score": 0.16793893129770993,
            "support": 200.0
        },
        "Estonian": {
            "precision": 0.0,
            "recall": 0.0,
            "f1-score": 0.0,
            "support": 200.0
        },
        "French": {
            "precision": 0.013921113689095127,
            "recall": 0.03,
            "f1-score": 0.01901743264659271,
            "support": 200.0
        },
        "Hindi": {
            "precision": 0.0,
            "recall": 0.0,
            "f1-score": 0.0,
            "support": 200.0
        },
        "Indonesian": {
            "precision": 0.0,
            "recall": 0.0,
            "f1-score": 0.0,
            "support": 200.0
        },
        "Japanese": {
            "precision": 0.0,
            "recall": 0.0,
            "f1-score": 0.0,
            "support": 200.0
        },
        "Korean": {
            "precision": 0.0,
            "recall": 0.0,
            "f1-score": 0.0,
            "support": 200.0
        },
        "Latin": {
            "precision": 0.3333333333333333,
            "recall": 0.025,
            "f1-score": 0.046511627906976744,
            "support": 200.0
        },
        "Persian": {
            "precision": 0.00045024763619990995,
            "recall": 0.005,
            "f1-score": 0.0008261049153242462,
            "support": 200.0
        },
        "Portugese": {
            "precision": 0.05263157894736842,
            "recall": 0.005,
            "f1-score": 0.0091324200913242,
            "support": 200.0
        },
        "Pushto": {
            "precision": 0.0,
            "recall": 0.0,
            "f1-score": 0.0,
            "support": 200.0
        },
        "Romanian": {
            "precision": 0.0,
            "recall": 0.0,
            "f1-score": 0.0,
            "support": 200.0
        },
        "Russian": {
            "precision": 0.0,
            "recall": 0.0,
            "f1-score": 0.0,
            "support": 200.0
        },
        "Spanish": {
            "precision": 0.2631578947368421,
            "recall": 0.05,
            "f1-score": 0.08403361344537816,
            "support": 200.0
        },
        "Swedish": {
            "precision": 0.0,
            "recall": 0.0,
            "f1-score": 0.0,
            "support": 200.0
        },
        "Tamil": {
            "precision": 0.0,
            "recall": 0.0,
            "f1-score": 0.0,
            "support": 200.0
        },
        "Thai": {
            "precision": 0.0,
            "recall": 0.0,
            "f1-score": 0.0,
            "support": 200.0
        },
        "Turkish": {
            "precision": 0.0,
            "recall": 0.0,
            "f1-score": 0.0,
            "support": 200.0
        },
        "Urdu": {
            "precision": 0.0,
            "recall": 0.0,
            "f1-score": 0.0,
            "support": 200.0
        },
        "accuracy": 0.010454545454545454,
        "macro avg": {
            "precision": 0.046533558337530166,
            "recall": 0.010454545454545456,
            "f1-score": 0.015120678886277782,
            "support": 4400.0
        },
        "weighted avg": {
            "precision": 0.04653355833753016,
            "recall": 0.010454545454545454,
            "f1-score": 0.01512067888627778,
            "support": 4400.0
        }
    },
    "execution_time": 28.259906768798828,
    "prediction_stats": {
        "total_samples": 4400,
        "unique_predictions": 21,
        "prediction_distribution": {
            "Pushto": 718,
            "Russian": 281,
            "Arabic": 162,
            "Swedish": 19,
            "French": 431,
            "English": 62,
            "Korean": 83,
            "Japanese": 14,
            "Portugese": 19,
            "Dutch": 185,
            "Spanish": 38,
            "Thai": 13,
            "Estonian": 19,
            "Persian": 2221,
            "Tamil": 8,
            "Hindi": 6,
            "Chinese": 63,
            "Latin": 15,
            "Indonesian": 2,
            "Romanian": 2,
            "Urdu": 39
        }
    }
}