{
    "training_stats": {
        "n_samples": 17599,
        "n_languages": 22
    },
    "classification_report": {
        "Arabic": {
            "precision": 0.0,
            "recall": 0.0,
            "f1-score": 0.0,
            "support": 200.0
        },
        "Chinese": {
            "precision": 0.0,
            "recall": 0.0,
            "f1-score": 0.0,
            "support": 200.0
        },
        "Dutch": {
            "precision": 0.4713216957605985,
            "recall": 0.945,
            "f1-score": 0.6289517470881864,
            "support": 200.0
        },
        "English": {
            "precision": 0.43249427917620137,
            "recall": 0.945,
            "f1-score": 0.5934065934065934,
            "support": 200.0
        },
        "Estonian": {
            "precision": 0.4094292803970223,
            "recall": 0.825,
            "f1-score": 0.5472636815920398,
            "support": 200.0
        },
        "French": {
            "precision": 0.6273062730627307,
            "recall": 0.85,
            "f1-score": 0.721868365180467,
            "support": 200.0
        },
        "Hindi": {
            "precision": 0.0,
            "recall": 0.0,
            "f1-score": 0.0,
            "support": 200.0
        },
        "Indonesian": {
            "precision": 0.7510204081632653,
            "recall": 0.92,
            "f1-score": 0.8269662921348314,
            "support": 200.0
        },
        "Japanese": {
            "precision": 0.0,
            "recall": 0.0,
            "f1-score": 0.0,
            "support": 200.0
        },
        "Korean": {
            "precision": 0.0,
            "recall": 0.0,
            "f1-score": 0.0,
            "support": 200.0
        },
        "Latin": {
            "precision": 0.9022988505747126,
            "recall": 0.785,
            "f1-score": 0.839572192513369,
            "support": 200.0
        },
        "Persian": {
            "precision": 0.0,
            "recall": 0.0,
            "f1-score": 0.0,
            "support": 200.0
        },
        "Portugese": {
            "precision": 0.1564844587352626,
            "recall": 0.73,
            "f1-score": 0.25772285966460723,
            "support": 200.0
        },
        "Pushto": {
            "precision": 0.0,
            "recall": 0.0,
            "f1-score": 0.0,
            "support": 200.0
        },
        "Romanian": {
            "precision": 0.0,
            "recall": 0.0,
            "f1-score": 0.0,
            "support": 200.0
        },
        "Russian": {
            "precision": 0.0,
            "recall": 0.0,
            "f1-score": 0.0,
            "support": 200.0
        },
        "Spanish": {
            "precision": 0.5152354570637119,
            "recall": 0.93,
            "f1-score": 0.6631016042780749,
            "support": 200.0
        },
        "Swedish": {
            "precision": 0.5457227138643068,
            "recall": 0.925,
            "f1-score": 0.686456400742115,
            "support": 200.0
        },
        "Tamil": {
            "precision": 0.0,
            "recall": 0.0,
            "f1-score": 0.0,
            "support": 200.0
        },
        "Thai": {
            "precision": 0.0,
            "recall": 0.0,
            "f1-score": 0.0,
            "support": 200.0
        },
        "Turkish": {
            "precision": 1.0,
            "recall": 0.035,
            "f1-score": 0.06763285024154589,
            "support": 200.0
        },
        "Urdu": {
            "precision": 0.0,
            "recall": 0.0,
            "f1-score": 0.0,
            "support": 200.0
        },
        "accuracy": 0.35863636363636364,
        "macro avg": {
            "precision": 0.264150609854446,
            "recall": 0.35863636363636364,
            "f1-score": 0.26513375394735594,
            "support": 4400.0
        },
        "weighted avg": {
            "precision": 0.26415060985444605,
            "recall": 0.35863636363636364,
            "f1-score": 0.2651337539473559,
            "support": 4400.0
        }
    },
    "execution_time": 32.58325409889221,
    "prediction_stats": {
        "total_samples": 4400,
        "unique_predictions": 18,
        "prediction_distribution": {
            "Hindi": 2,
            "Persian": 203,
            "Romanian": 49,
            "Indonesian": 245,
            "Latin": 174,
            "Urdu": 69,
            "French": 271,
            "Russian": 5,
            "Korean": 316,
            "English": 437,
            "Spanish": 361,
            "Arabic": 6,
            "Portugese": 933,
            "Dutch": 401,
            "Estonian": 403,
            "Pushto": 179,
            "Turkish": 7,
            "Swedish": 339
        }
    }
}