{
    "Turkish": {
        "precision": 1.0,
        "recall": 1.0,
        "f1-score": 1.0,
        "support": 200.0
    },
    "Thai": {
        "precision": 0.99,
        "recall": 0.99,
        "f1-score": 0.99,
        "support": 200.0
    },
    "English": {
        "precision": 0.9656862745098039,
        "recall": 0.985,
        "f1-score": 0.9752475247524752,
        "support": 200.0
    },
    "Persian": {
        "precision": 0.7343173431734318,
        "recall": 0.995,
        "f1-score": 0.8450106157112527,
        "support": 200.0
    },
    "Chinese": {
        "precision": 0.9895833333333334,
        "recall": 0.95,
        "f1-score": 0.9693877551020408,
        "support": 200.0
    },
    "Spanish": {
        "precision": 0.9611650485436893,
        "recall": 0.99,
        "f1-score": 0.9753694581280788,
        "support": 200.0
    },
    "Portugese": {
        "precision": 1.0,
        "recall": 0.975,
        "f1-score": 0.9873417721518988,
        "support": 200.0
    },
    "Japanese": {
        "precision": 1.0,
        "recall": 0.945,
        "f1-score": 0.9717223650385605,
        "support": 200.0
    },
    "Swedish": {
        "precision": 1.0,
        "recall": 0.99,
        "f1-score": 0.9949748743718593,
        "support": 200.0
    },
    "Arabic": {
        "precision": 1.0,
        "recall": 0.99,
        "f1-score": 0.9949748743718593,
        "support": 200.0
    },
    "Tamil": {
        "precision": 0.9836956521739131,
        "recall": 0.905,
        "f1-score": 0.9427083333333334,
        "support": 200.0
    },
    "Latin": {
        "precision": 0.9899497487437185,
        "recall": 0.985,
        "f1-score": 0.9874686716791979,
        "support": 200.0
    },
    "Indonesian": {
        "precision": 0.9895833333333334,
        "recall": 0.95,
        "f1-score": 0.9693877551020408,
        "support": 200.0
    },
    "Pushto": {
        "precision": 0.9947643979057592,
        "recall": 0.95,
        "f1-score": 0.9718670076726342,
        "support": 200.0
    },
    "Russian": {
        "precision": 1.0,
        "recall": 0.98,
        "f1-score": 0.98989898989899,
        "support": 200.0
    },
    "French": {
        "precision": 0.9949748743718593,
        "recall": 0.99,
        "f1-score": 0.9924812030075187,
        "support": 200.0
    },
    "Romanian": {
        "precision": 0.9948979591836735,
        "recall": 0.975,
        "f1-score": 0.9848484848484849,
        "support": 200.0
    },
    "Korean": {
        "precision": 1.0,
        "recall": 0.995,
        "f1-score": 0.9974937343358395,
        "support": 200.0
    },
    "Hindi": {
        "precision": 1.0,
        "recall": 0.99,
        "f1-score": 0.9949748743718593,
        "support": 200.0
    },
    "Estonian": {
        "precision": 1.0,
        "recall": 0.995,
        "f1-score": 0.9974937343358395,
        "support": 200.0
    },
    "Dutch": {
        "precision": 1.0,
        "recall": 0.99,
        "f1-score": 0.9949748743718593,
        "support": 200.0
    },
    "Urdu": {
        "precision": 1.0,
        "recall": 0.98,
        "f1-score": 0.98989898989899,
        "support": 200.0
    },
    "accuracy": 0.9770454545454546,
    "macro avg": {
        "precision": 0.9813008166032962,
        "recall": 0.9770454545454546,
        "f1-score": 0.9780693587493006,
        "support": 4400.0
    },
    "weighted avg": {
        "precision": 0.9813008166032962,
        "recall": 0.9770454545454546,
        "f1-score": 0.9780693587493007,
        "support": 4400.0
    }
}